{
  "epochs": [
    0,
    1,
    2,
    3,
    4,
    5,
    6,
    7,
    8,
    9,
    10
  ],
  "train_loss": [
    24.54837708603846,
    13.458563222460551,
    10.782403384781864,
    9.737831469268015,
    11.683205409613374,
    9.97805687723911,
    11.876202959720402,
    9.778436259455876,
    9.217259400511441,
    8.357000077219858,
    8.33178118524486
  ],
  "val_loss": [
    15.307785679896673,
    10.897834204965168,
    8.767994968427551,
    10.222484547230932,
    10.43750219212638,
    5.931159087353283,
    9.520446226000786,
    6.015134755108091,
    7.245679746071498,
    8.729951187140411,
    14.269707885053423
  ],
  "train_losses_detailed": {
    "type_loss": [
      0.7948123739190298,
      0.3786892474514164,
      0.19749866630116555,
      0.314664896220377,
      0.3093377390544709,
      0.31714686628890365,
      0.4630764426842128,
      0.2992180832853056,
      0.4156131936262732,
      0.241743462951216,
      0.3228198724658522
    ],
    "left_loss": [
      3.0284202719387943,
      2.1057980877079374,
      1.7027553956802577,
      1.546084270085374,
      1.9063766590536457,
      1.6113267826707396,
      2.002866852773379,
      1.6090020447561186,
      1.4666897728018564,
      1.444819342600156,
      1.4824361539866826
    ],
    "top_loss": [
      2.991738881150337,
      2.1044688028832006,
      1.6987572630790815,
      1.5315945671029287,
      1.8809390786575944,
      1.5951826376457736,
      1.9813079768664217,
      1.5898470454020044,
      1.419966354762038,
      1.437431469355544,
      1.4506068262335372
    ],
    "width_loss": [
      2.987466381020742,
      2.1277504032605314,
      1.7130561234199837,
      1.5571046561410982,
      1.9252582445536575,
      1.6370455990098927,
      2.0270275939000797,
      1.6306460164997676,
      1.4690127274761462,
      1.4541730390836114,
      1.4843602703042227
    ],
    "height_loss": [
      3.0103499072871798,
      1.9528990575712022,
      1.499327731459108,
      1.3489849763373807,
      1.6561673340732104,
      1.389901383282387,
      1.7329944715107957,
      1.3841673152087486,
      1.2571205341652647,
      1.2275760729018956,
      1.2494631303499824
    ],
    "opacity_loss": [
      0.4749643627094896,
      0.06802508694260087,
      0.0677181483335691,
      0.037821608761402024,
      0.05858509053718554,
      0.055203874888893674,
      0.05562281205433689,
      0.05574702655207621,
      0.04971246023292411,
      0.04655725947798115,
      0.040678401975190806
    ],
    "color_loss": [
      4.138732772983917,
      1.9003747195413667,
      1.665859725377331,
      1.4203349008952102,
      1.924303949695744,
      1.7142064538720536,
      1.937689588494497,
      1.7576419229376805,
      1.7245198569885671,
      1.3609778521812126,
      1.3014710570034915
    ],
    "image_embedding_loss": [
      3.006847863327967,
      0.9874172014732884,
      0.6887954032584412,
      0.7738251114544803,
      0.5756529128714784,
      0.47754983052815475,
      0.4050444078772035,
      0.3829599439281307,
      0.35134014936342634,
      0.3241746245998226,
      0.24608875872337654
    ],
    "text_embedding_loss": [
      2.5891766074585587,
      1.0712461732838252,
      0.9013351463291743,
      0.6361061334609985,
      0.7047235549312748,
      0.4744525780416515,
      0.4535300372398063,
      0.3658202086409477,
      0.34842250118516893,
      0.24541533319917444,
      0.23373799781276755
    ],
    "font_family_loss": [
      1.5258676907787585,
      0.7618945347119684,
      0.6472998236956662,
      0.5713102801205361,
      0.741860910637738,
      0.7060409653676699,
      0.8170428194411813,
      0.7033864521000484,
      0.7148618469499561,
      0.574131630871394,
      0.5201188097261402
    ],
    "total_loss": [
      24.54837708603846,
      13.458563222460551,
      10.782403384781864,
      9.737831469268015,
      11.683205409613374,
      9.97805687723911,
      11.876202959720402,
      9.778436259455876,
      9.217259400511441,
      8.357000077219858,
      8.33178118524486
    ]
  },
  "val_losses_detailed": {
    "type_loss": [
      0.36012982991006637,
      0.38711633284886676,
      0.20457190109623802,
      0.3942946443955104,
      0.38352243105570477,
      0.08044334749380748,
      0.265675437119272,
      0.07192481557528178,
      0.29604435298177934,
      0.48873191161288154,
      0.43118422892358566
    ],
    "left_loss": [
      2.4264418284098306,
      1.3437619739108615,
      1.326031552420722,
      1.6618970500098333,
      1.6895008616977267,
      1.246903313530816,
      1.5909798675113254,
      1.2313984764946833,
      1.2515890068478055,
      1.6304958131578233,
      2.4495761394500732
    ],
    "top_loss": [
      2.4471298853556314,
      1.386713398827447,
      1.3018151389227972,
      1.6471849547492132,
      1.6605410046047635,
      1.2380884488423665,
      1.5507436328464084,
      1.2041079203287761,
      1.1886510584089491,
      1.5845439434051514,
      2.3826024532318115
    ],
    "width_loss": [
      2.431711514790853,
      1.3798605071173773,
      1.3517776860131159,
      1.6991773181491427,
      1.7350920836130779,
      1.2622719605763753,
      1.6183100276523166,
      1.23005919986301,
      1.2513437800937228,
      1.6399386194017198,
      2.5011436144510903
    ],
    "height_loss": [
      2.326913250817193,
      1.2491774029201932,
      1.1296297444237604,
      1.4690036508772109,
      1.4778465165032282,
      1.0821068286895752,
      1.3908867571089003,
      1.0261796050601535,
      1.0655789375305176,
      1.4049687385559082,
      2.0819398297203913
    ],
    "opacity_loss": [
      0.09978695048226251,
      0.07315580919384956,
      0.06304868890179528,
      0.036586561136775546,
      0.05382619301478068,
      0.008915972378518846,
      0.07305398748980628,
      0.026481530732578702,
      0.04155857447120878,
      0.05358149690760507,
      0.0905676922864384
    ],
    "color_loss": [
      2.029555983013577,
      2.6257126331329346,
      1.5947979821099176,
      1.8554827637142606,
      2.083298100365533,
      0.34217651685078937,
      2.098859124713474,
      0.6507957511478,
      1.0721024937099881,
      1.1741716066996257,
      2.681062592400445
    ],
    "image_embedding_loss": [
      1.1939410898420546,
      0.6960774527655708,
      0.8232478300730387,
      0.3070777787102593,
      0.22276901536517674,
      0.27066795031229657,
      0.145268052816391,
      0.1504418585035536,
      0.18505366643269858,
      0.1585974825753106,
      0.3052275627851486
    ],
    "text_embedding_loss": [
      1.212766130765279,
      0.6711359951231215,
      0.2887052297592163,
      0.4212421245045132,
      0.2115721669461992,
      0.24695783191257054,
      0.05593845248222351,
      0.17777162790298462,
      0.4556763105922275,
      0.12824096116754743,
      0.21215629908773634
    ],
    "font_family_loss": [
      0.7794097397062514,
      1.0851225058237712,
      0.6843694316016303,
      0.7305376397238837,
      0.9195336633258395,
      0.15262696478101942,
      0.7307310369279649,
      0.24597394466400146,
      0.4380815029144287,
      0.4666805863380432,
      1.1342473294999864
    ],
    "total_loss": [
      15.307785679896673,
      10.897834204965168,
      8.767994968427551,
      10.222484547230932,
      10.43750219212638,
      5.931159087353283,
      9.520446226000786,
      6.015134755108091,
      7.245679746071498,
      8.729951187140411,
      14.269707885053423
    ]
  },
  "learning_rates": [
    0.0001,
    0.0001,
    0.0001,
    0.0001,
    0.0001,
    0.0001,
    0.0001,
    0.0001,
    0.0001,
    0.0001,
    0.0001
  ]
}